,MGDG,DGDG,SQDG,PG,PEPI,PC,ratio
threshold,2.570270713,2.611313731,2.541570522,2.686757649,2.580726119,2.589901266,2.521009504