,PG_16_0,PG_16_1,PG_18_0,PG_18_2,PG_18_3,MGDG_16_0,MGDG_18_2,MGDG_18_3,DGDG_16_0,DGDG_18_2,DGDG_18_3,PC_16_0,PC_18_1,PC_18_2,PC_18_3,SQDG_16_0,SQDG_18_0,SQDG_18_1,SQDG_18_2,SQDG_18_3,PEPI_16_0,PEPI_18_1,PEPI_18_2,PEPI_18_3,HMP-PG
threshold,2.616391631,2.509248523,2.617174838,2.502269245,2.530448453,2.60609345,2.574682193,2.531243255,2.508873497,2.688677788,2.446417099,2.529097593,2.555787169,2.299583392,2.641418895,2.64459625,2.605925198,2.69406177,2.601340553,2.576895695,2.540654188,2.62147914,2.622458917,2.516471165,2.537327993